{"final_performance": 0.17825602360491483, "rumtime": 0.34383583068847656, "config": {"drop_rate": 0.2, "learning_rate": [[0.01, 0.0095, 0.009025, 0.00857375, 0.0081450625, 0.007737809374999998, 0.007350918906249998, 0.006983372960937498, 0.006634204312890623, 0.006302494097246091, 0.005987369392383787, 0.005688000922764597, 0.005403600876626367, 0.005133420832795048, 0.0048767497911552955, 0.00463291230159753, 0.0044012666865176535, 0.004181203352191771, 0.003972143184582182, 0.0037735360253530726, 0.0035848592240854188, 0.003405616262881148, 0.0032353354497370902, 0.003073568677250236, 0.002919890243387724, 0.002773895731218338, 0.0026352009446574203, 0.002503440897424549, 0.0023782688525533216, 0.0022593554099256557, 0.0021463876394293728, 0.0020390682574579037, 0.0019371148445850087, 0.0018402591023557583, 0.0017482461472379703, 0.0016608338398760717, 0.001577792147882268, 0.0014989025404881545, 0.0014239574134637467, 0.0013527595427905593], [0.01, 0.0095, 0.009025, 0.00857375, 0.0081450625, 0.007737809374999998, 0.007350918906249998, 0.006983372960937498, 0.006634204312890623, 0.006302494097246091, 0.005987369392383787, 0.005688000922764597, 0.005403600876626367, 0.005133420832795048, 0.0048767497911552955, 0.00463291230159753, 0.0044012666865176535, 0.004181203352191771, 0.003972143184582182, 0.0037735360253530726, 0.0035848592240854188, 0.003405616262881148, 0.0032353354497370902, 0.003073568677250236, 0.002919890243387724, 0.002773895731218338, 0.0026352009446574203, 0.002503440897424549, 0.0023782688525533216, 0.0022593554099256557, 0.0021463876394293728, 0.0020390682574579037, 0.0019371148445850087, 0.0018402591023557583, 0.0017482461472379703, 0.0016608338398760717, 0.001577792147882268, 0.0014989025404881545, 0.0014239574134637467, 0.0013527595427905593], [0.01, 0.0095, 0.009025, 0.00857375, 0.0081450625, 0.007737809374999998, 0.007350918906249998, 0.006983372960937498, 0.006634204312890623, 0.006302494097246091, 0.005987369392383787, 0.005688000922764597, 0.005403600876626367, 0.005133420832795048, 0.0048767497911552955, 0.00463291230159753, 0.0044012666865176535, 0.004181203352191771, 0.003972143184582182, 0.0037735360253530726, 0.0035848592240854188, 0.003405616262881148, 0.0032353354497370902, 0.003073568677250236, 0.002919890243387724, 0.002773895731218338, 0.0026352009446574203, 0.002503440897424549, 0.0023782688525533216, 0.0022593554099256557, 0.0021463876394293728, 0.0020390682574579037, 0.0019371148445850087, 0.0018402591023557583, 0.0017482461472379703, 0.0016608338398760717, 0.001577792147882268, 0.0014989025404881545, 0.0014239574134637467, 0.0013527595427905593]], "num_epochs": 40}, "config_id": 6, "learning_curve": [17.130701151433982, 438.4427007711158, 21.298425908358595, 12.96417866113051, 18.325041594595277, 9.569856057077084, 3.753692981432069, 1.1992676712431998, 1.9030349119654242, 2.401740503311157, 2.672599957124242, 1.961855628355494, 1.4403959782618398, 1.015955446126326, 0.6377530237413802, 0.5020034470648136, 0.48948263964563044, 0.5055452581846489, 0.5355247434580102, 0.44399229186885764, 0.4669500623671513, 0.46808926845496557, 0.35040967565662456, 0.3394006761177531, 0.3556948077566219, 0.28546558410491585, 0.2986125519253173, 0.23542401222687848, 0.26291234482009457, 0.24573728251007365, 0.20186008035012012, 0.19225248601639047, 0.2099635791666103, 0.193003112077713, 0.19342086787493723, 0.18402318240336651, 0.1922409601368994, 0.1674414816330064, 0.16598788688205324, 0.17825602360491483]}