{"final_performance": 0.9684643563234581, "rumtime": 0.3422529697418213, "config": {"drop_rate": 0.2, "learning_rate": [[0.01, 0.009000000000000001, 0.008100000000000001, 0.007290000000000001, 0.006561, 0.005904900000000001, 0.00531441, 0.004782969000000001, 0.004304672100000001, 0.003874204890000001, 0.003486784401000001, 0.0031381059609000006, 0.0028242953648100013, 0.002541865828329001, 0.002287679245496101, 0.002058911320946491, 0.0018530201888518416, 0.0016677181699666576, 0.0015009463529699917, 0.0013508517176729928, 0.0012157665459056935, 0.0010941898913151243, 0.0009847709021836117, 0.0008862938119652507, 0.0007976644307687256, 0.000717897987691853, 0.0006461081889226677, 0.000581497370030401, 0.000523347633027361, 0.0004710128697246249, 0.0004239115827521624, 0.00038152042447694615, 0.00034336838202925153, 0.00030903154382632634, 0.00027812838944369376, 0.0002503155504993244, 0.00022528399544939195, 0.00020275559590445276, 0.0001824800363140075, 0.00016423203268260675], [0.01, 0.009000000000000001, 0.008100000000000001, 0.007290000000000001, 0.006561, 0.005904900000000001, 0.00531441, 0.004782969000000001, 0.004304672100000001, 0.003874204890000001, 0.003486784401000001, 0.0031381059609000006, 0.0028242953648100013, 0.002541865828329001, 0.002287679245496101, 0.002058911320946491, 0.0018530201888518416, 0.0016677181699666576, 0.0015009463529699917, 0.0013508517176729928, 0.0012157665459056935, 0.0010941898913151243, 0.0009847709021836117, 0.0008862938119652507, 0.0007976644307687256, 0.000717897987691853, 0.0006461081889226677, 0.000581497370030401, 0.000523347633027361, 0.0004710128697246249, 0.0004239115827521624, 0.00038152042447694615, 0.00034336838202925153, 0.00030903154382632634, 0.00027812838944369376, 0.0002503155504993244, 0.00022528399544939195, 0.00020275559590445276, 0.0001824800363140075, 0.00016423203268260675], [0.01, 0.009000000000000001, 0.008100000000000001, 0.007290000000000001, 0.006561, 0.005904900000000001, 0.00531441, 0.004782969000000001, 0.004304672100000001, 0.003874204890000001, 0.003486784401000001, 0.0031381059609000006, 0.0028242953648100013, 0.002541865828329001, 0.002287679245496101, 0.002058911320946491, 0.0018530201888518416, 0.0016677181699666576, 0.0015009463529699917, 0.0013508517176729928, 0.0012157665459056935, 0.0010941898913151243, 0.0009847709021836117, 0.0008862938119652507, 0.0007976644307687256, 0.000717897987691853, 0.0006461081889226677, 0.000581497370030401, 0.000523347633027361, 0.0004710128697246249, 0.0004239115827521624, 0.00038152042447694615, 0.00034336838202925153, 0.00030903154382632634, 0.00027812838944369376, 0.0002503155504993244, 0.00022528399544939195, 0.00020275559590445276, 0.0001824800363140075, 0.00016423203268260675]], "num_epochs": 40}, "config_id": 7, "learning_curve": [33.463484882858566, 784.4216832574808, 62.454399929406506, 30.83158772306622, 34.2799796122425, 18.236129310895812, 6.940582951959573, 3.2180747868879784, 3.72536727707341, 3.931307963605197, 4.617161520472113, 4.152441841701291, 3.0698349957196216, 2.6075967005963596, 2.333011547124611, 1.9644374982366022, 1.623611958521717, 1.4502865242508223, 1.5162898475269102, 1.5538326445615516, 1.1415402767793188, 1.4831500462765965, 1.3460505215626843, 1.2862986771565565, 1.3438662484007062, 1.1400724476238466, 1.0592131702405103, 0.9579045732066316, 1.1386238010424488, 1.1091310228941575, 1.239593242249399, 1.1345657155198872, 1.2487654726460296, 1.0890396538770424, 0.9801956183505507, 1.030900763565639, 1.0739330154544904, 1.0399353798830284, 0.8769980450846114, 0.9684643563234581]}