{"final_performance": 0.02021555602199064, "rumtime": 0.35561203956604004, "config": {"drop_rate": 0.2, "learning_rate": [[0.01, 0.0095, 0.009025, 0.00857375, 0.0081450625, 0.007737809374999998, 0.007350918906249998, 0.006983372960937498, 0.006634204312890623, 0.006302494097246091, 0.005987369392383787, 0.005688000922764597, 0.005403600876626367, 0.005133420832795048, 0.0048767497911552955, 0.00463291230159753, 0.0044012666865176535, 0.004181203352191771, 0.003972143184582182, 0.0037735360253530726, 0.0035848592240854188, 0.003405616262881148, 0.0032353354497370902, 0.003073568677250236, 0.002919890243387724, 0.002773895731218338, 0.0026352009446574203, 0.002503440897424549, 0.0023782688525533216, 0.0022593554099256557, 0.0021463876394293728, 0.0020390682574579037, 0.0019371148445850087, 0.0018402591023557583, 0.0017482461472379703, 0.0016608338398760717, 0.001577792147882268, 0.0014989025404881545, 0.0014239574134637467, 0.0013527595427905593], [0.01, 0.0095, 0.009025, 0.00857375, 0.0081450625, 0.007737809374999998, 0.007350918906249998, 0.006983372960937498, 0.006634204312890623, 0.006302494097246091, 0.005987369392383787, 0.005688000922764597, 0.005403600876626367, 0.005133420832795048, 0.0048767497911552955, 0.00463291230159753, 0.0044012666865176535, 0.004181203352191771, 0.003972143184582182, 0.0037735360253530726, 0.0035848592240854188, 0.003405616262881148, 0.0032353354497370902, 0.003073568677250236, 0.002919890243387724, 0.002773895731218338, 0.0026352009446574203, 0.002503440897424549, 0.0023782688525533216, 0.0022593554099256557, 0.0021463876394293728, 0.0020390682574579037, 0.0019371148445850087, 0.0018402591023557583, 0.0017482461472379703, 0.0016608338398760717, 0.001577792147882268, 0.0014989025404881545, 0.0014239574134637467, 0.0013527595427905593], [0.01, 0.0095, 0.009025, 0.00857375, 0.0081450625, 0.007737809374999998, 0.007350918906249998, 0.006983372960937498, 0.006634204312890623, 0.006302494097246091, 0.005987369392383787, 0.005688000922764597, 0.005403600876626367, 0.005133420832795048, 0.0048767497911552955, 0.00463291230159753, 0.0044012666865176535, 0.004181203352191771, 0.003972143184582182, 0.0037735360253530726, 0.0035848592240854188, 0.003405616262881148, 0.0032353354497370902, 0.003073568677250236, 0.002919890243387724, 0.002773895731218338, 0.0026352009446574203, 0.002503440897424549, 0.0023782688525533216, 0.0022593554099256557, 0.0021463876394293728, 0.0020390682574579037, 0.0019371148445850087, 0.0018402591023557583, 0.0017482461472379703, 0.0016608338398760717, 0.001577792147882268, 0.0014989025404881545, 0.0014239574134637467, 0.0013527595427905593]], "num_epochs": 40}, "config_id": 6, "learning_curve": [0.1769405837891237, 0.042841781085392217, 0.10011297126985945, 0.03420525859549361, 0.0328392098534782, 0.04069933750719394, 0.04491689934764268, 0.04294540038648641, 0.040350811211568, 0.03531404929762741, 0.0278190302890989, 0.02617100254404095, 0.022527001425623895, 0.02639196259233187, 0.025405155916540127, 0.025475051872572804, 0.02675949679511898, 0.025939808427444044, 0.02368681585451342, 0.021702823324023554, 0.02356472310592543, 0.023326205876919456, 0.02306545395052658, 0.021130393670414978, 0.02096973088974098, 0.02143393452015688, 0.022837015466307696, 0.024224606936551492, 0.02131530076687066, 0.020363112749918453, 0.01987977461573088, 0.020792394820249305, 0.019562046011944986, 0.020774601428013927, 0.019501413865331208, 0.020952869389417036, 0.018796227626361937, 0.01979156439456175, 0.017424869003160946, 0.02021555602199064]}