{"final_performance": 0.021651453644318402, "rumtime": 0.3495469093322754, "config": {"drop_rate": 0.2, "learning_rate": [[0.01, 0.009000000000000001, 0.008100000000000001, 0.007290000000000001, 0.006561, 0.005904900000000001, 0.00531441, 0.004782969000000001, 0.004304672100000001, 0.003874204890000001, 0.003486784401000001, 0.0031381059609000006, 0.0028242953648100013, 0.002541865828329001, 0.002287679245496101, 0.002058911320946491, 0.0018530201888518416, 0.0016677181699666576, 0.0015009463529699917, 0.0013508517176729928, 0.0012157665459056935, 0.0010941898913151243, 0.0009847709021836117, 0.0008862938119652507, 0.0007976644307687256, 0.000717897987691853, 0.0006461081889226677, 0.000581497370030401, 0.000523347633027361, 0.0004710128697246249, 0.0004239115827521624, 0.00038152042447694615, 0.00034336838202925153, 0.00030903154382632634, 0.00027812838944369376, 0.0002503155504993244, 0.00022528399544939195, 0.00020275559590445276, 0.0001824800363140075, 0.00016423203268260675], [0.01, 0.009000000000000001, 0.008100000000000001, 0.007290000000000001, 0.006561, 0.005904900000000001, 0.00531441, 0.004782969000000001, 0.004304672100000001, 0.003874204890000001, 0.003486784401000001, 0.0031381059609000006, 0.0028242953648100013, 0.002541865828329001, 0.002287679245496101, 0.002058911320946491, 0.0018530201888518416, 0.0016677181699666576, 0.0015009463529699917, 0.0013508517176729928, 0.0012157665459056935, 0.0010941898913151243, 0.0009847709021836117, 0.0008862938119652507, 0.0007976644307687256, 0.000717897987691853, 0.0006461081889226677, 0.000581497370030401, 0.000523347633027361, 0.0004710128697246249, 0.0004239115827521624, 0.00038152042447694615, 0.00034336838202925153, 0.00030903154382632634, 0.00027812838944369376, 0.0002503155504993244, 0.00022528399544939195, 0.00020275559590445276, 0.0001824800363140075, 0.00016423203268260675], [0.01, 0.009000000000000001, 0.008100000000000001, 0.007290000000000001, 0.006561, 0.005904900000000001, 0.00531441, 0.004782969000000001, 0.004304672100000001, 0.003874204890000001, 0.003486784401000001, 0.0031381059609000006, 0.0028242953648100013, 0.002541865828329001, 0.002287679245496101, 0.002058911320946491, 0.0018530201888518416, 0.0016677181699666576, 0.0015009463529699917, 0.0013508517176729928, 0.0012157665459056935, 0.0010941898913151243, 0.0009847709021836117, 0.0008862938119652507, 0.0007976644307687256, 0.000717897987691853, 0.0006461081889226677, 0.000581497370030401, 0.000523347633027361, 0.0004710128697246249, 0.0004239115827521624, 0.00038152042447694615, 0.00034336838202925153, 0.00030903154382632634, 0.00027812838944369376, 0.0002503155504993244, 0.00022528399544939195, 0.00020275559590445276, 0.0001824800363140075, 0.00016423203268260675]], "num_epochs": 40}, "config_id": 7, "learning_curve": [0.14773523621964005, 0.039600860299366825, 0.07221598276552164, 0.03367163031449858, 0.028754471108879687, 0.03516839436202679, 0.03464504847267888, 0.03723406352383911, 0.03529950679051426, 0.03136675750028413, 0.029677330442475825, 0.026972743777452776, 0.024392665866410958, 0.024349037325888313, 0.023919350421934757, 0.02413275310031648, 0.025177833107563684, 0.022651812666148508, 0.023889998873730875, 0.022529908051749446, 0.023761538549695375, 0.021240402483996355, 0.020854064526985277, 0.021861270533980064, 0.021996824963475173, 0.021706004398611353, 0.025114338528716338, 0.02310747763598865, 0.02311991810236337, 0.021169916308432256, 0.02164621354555184, 0.02369028550555121, 0.02258911520804999, 0.02128477271575973, 0.02239455317129504, 0.02370557224834865, 0.020274882341893213, 0.022038583204431354, 0.020575460489347296, 0.021651453644318402]}