{"final_performance": 0.06423844146840976, "rumtime": 76.18353414535522, "config": {"drop_rate": 0.2, "learning_rate": 0.05, "num_epochs": 40, "first N epochs": 10}, "config_id": 8, "learning_curve": [0.16403227712748186, 0.19286454005061454, 0.08152106584243055, 0.07213126319759297, 0.06798159876522028, 0.06606381094118334, 0.06513264699364608, 0.0646836502653248, 0.0644571950975454, 0.064350636950079, 0.06429631114006042, 0.06426879794530148, 0.064253236044128, 0.06425029604502444, 0.06424322336349847, 0.06424491357690884, 0.06424073537565628, 0.06424013693939964, 0.06424095012106985, 0.06423838894884541, 0.06424254949362773, 0.06423922369502626, 0.06424183853954639, 0.06423688885175957, 0.06424161488155149, 0.06424273634856602, 0.06423767150010704, 0.06423995253050102, 0.0642476019150806, 0.06424038879713923, 0.06423896761997691, 0.06423966727166805, 0.06423949436196741, 0.06424143384650069, 0.06424269364127573, 0.0642395018406634, 0.06424186193155793, 0.06424572774261798, 0.06424088042299703, 0.06423844146840976]}