{"final_performance": 0.0478593259346935, "rumtime": 62.80599808692932, "config": {"drop_rate": 0.2, "learning_rate": 0.01, "num_epochs": 40, "first N epochs": 15}, "config_id": 5, "learning_curve": [0.1803568116336499, 0.09297597256471526, 0.11858482737586182, 0.06162015684651878, 0.05193245229574869, 0.05010046905504083, 0.04915514710658002, 0.04867936779024466, 0.048797621338997246, 0.04812421032561447, 0.04817089040605527, 0.04799863201267314, 0.0483718715326966, 0.04745658011931293, 0.04835478926323495, 0.047972366705818, 0.04793305588218401, 0.04783315454732697, 0.04794137691551784, 0.047953875798661755, 0.048037468698227184, 0.04790090492592668, 0.048581141036636424, 0.048076206277001585, 0.04820514946894826, 0.04826168142399698, 0.04790296485682703, 0.04851802028012726, 0.048386497851812614, 0.048146632173151335, 0.048008664894216464, 0.048113806826888386, 0.0478207528028848, 0.047819806410456606, 0.048160076717723085, 0.04816178481252688, 0.048149236319762354, 0.047999989044553826, 0.04820475595177344, 0.0478593259346935]}