{"final_performance": 0.05925231398838872, "rumtime": 59.497596979141235, "config": {"drop_rate": 0.2, "learning_rate": 0.01, "num_epochs": 40, "first N epochs": 5}, "config_id": 1, "learning_curve": [0.12910942828880168, 0.13126642851615852, 0.11262799925961585, 0.06651375775910773, 0.060634203620676716, 0.0593429612241826, 0.060062568409825275, 0.05931522518677532, 0.05921900964008187, 0.05905523897623116, 0.059499116424682, 0.0591110515004059, 0.05925521212366392, 0.05928195599677428, 0.059119472160654246, 0.05914624292614325, 0.0590162271036292, 0.05958628085143161, 0.0593306747528742, 0.058865294099416376, 0.059348963327565285, 0.05909367466591439, 0.05949037124244672, 0.05935196236900564, 0.05899186246799972, 0.05947294721625886, 0.05891717954907777, 0.05917794923737364, 0.059417306941072896, 0.05918353093120288, 0.05959970648839789, 0.059038361724255216, 0.05918544296104953, 0.05946299530706316, 0.05907025224757644, 0.05893906756954373, 0.05918701161753457, 0.05912030079173592, 0.05930194310703367, 0.05925231398838872]}