{"final_performance": 0.05012621861302628, "rumtime": 74.97257804870605, "config": {"drop_rate": 0.5, "learning_rate": 0.01, "num_epochs": 40, "first N epochs": 10}, "config_id": 11, "learning_curve": [0.10871282914337121, 0.14977192395138292, 0.043141173079328715, 0.05076004339838928, 0.0525897464662228, 0.05160237099483328, 0.05011873096227646, 0.050602222908780255, 0.05096788158956564, 0.0496991255654479, 0.05067907015107713, 0.0498046875281154, 0.04968092315039545, 0.050036066517515, 0.04946142669837429, 0.04994316046249191, 0.05029415582429688, 0.05118914585349695, 0.05055035189637598, 0.04984436892675904, 0.049824194300849486, 0.04990378502967223, 0.0496408038403628, 0.0497418056681471, 0.05050398437482005, 0.0503164586452943, 0.04995519352971383, 0.04890491634888469, 0.049720393093127126, 0.04925014782907828, 0.050421723301680585, 0.05066216448849102, 0.050397329566613684, 0.05004480853676795, 0.05007133045286503, 0.05006267231590343, 0.05060805724758022, 0.04938488986413434, 0.05004192625857749, 0.05012621861302628]}