{"final_performance": 0.035739147410077866, "rumtime": 59.25098395347595, "config": {"drop_rate": 0.2, "learning_rate": 0.01, "num_epochs": 40, "first N epochs": 5}, "config_id": 1, "learning_curve": [0.1104715849431056, 0.05304011531033606, 0.047979114977818614, 0.039437722871607205, 0.037331073337568424, 0.03625026402889558, 0.03608105047693792, 0.035567488001202636, 0.036069792452848186, 0.035233219277183966, 0.03580337185764088, 0.03553018686625193, 0.03554128385236803, 0.03581745535275846, 0.03586044401492713, 0.03584042254765079, 0.0354450644960381, 0.03569029915445256, 0.035696155774705814, 0.03558240710002072, 0.03552535295064719, 0.03577539574987483, 0.03562595686119682, 0.0357401476645807, 0.035688345190489065, 0.03602184930921725, 0.03598404282809428, 0.035860383995580225, 0.03557767664908238, 0.035877380730970854, 0.035519680092638395, 0.03562848991099394, 0.03588593079936954, 0.035614034631904566, 0.035763140289850955, 0.03563499282694088, 0.03594236543296643, 0.035526475781258546, 0.03569684347735261, 0.035739147410077866]}