{"final_performance": 0.05253323384051053, "rumtime": 55.401463747024536, "config": {"drop_rate": 0.1, "learning_rate": 0.01, "num_epochs": 40, "first N epochs": 10}, "config_id": 9, "learning_curve": [0.16257374342882408, 0.10565836445059415, 0.11611437107313353, 0.07086175434150786, 0.0573326512890042, 0.05448619593989174, 0.05410225481357214, 0.05321054631527865, 0.05320412338061152, 0.05336297377943992, 0.05277240519534867, 0.0530182513144781, 0.05283907168316391, 0.053234010246002446, 0.05280591685254618, 0.05316602642524917, 0.05261663109907564, 0.053059096029906896, 0.05271834444324926, 0.05317934816176036, 0.05315528794560792, 0.052819312701247775, 0.05319382386668674, 0.053041899738446724, 0.05247536473116785, 0.05287822798456786, 0.05295632082336354, 0.05309202363187412, 0.052943182033750244, 0.05290307828559066, 0.053054449004384704, 0.05309677429075511, 0.05275048690865625, 0.05300831485469386, 0.05229083516125409, 0.05320556336697543, 0.05280937051997994, 0.05294417488687443, 0.05287675998120937, 0.05253323384051053]}