{"final_performance": 0.037873346948961044, "rumtime": 59.572389125823975, "config": {"drop_rate": 0.2, "learning_rate": 0.01, "num_epochs": 40, "first N epochs": 10}, "config_id": 2, "learning_curve": [0.11203504873896546, 0.04054640459845651, 0.1206065519660149, 0.051085343352466256, 0.04229327130992457, 0.04003103560996506, 0.039089242087782555, 0.03827544724885023, 0.03834591347653911, 0.03773889437599002, 0.037995706020661116, 0.03770737136310001, 0.0377868837483649, 0.03779638188908685, 0.03727062135091368, 0.03770389361482746, 0.037626778966975666, 0.03781740224024035, 0.037830972854258876, 0.03807569687377732, 0.03785657082807343, 0.037932710152752, 0.03790930035822796, 0.037722548772141616, 0.03789597775013942, 0.037511349061750014, 0.03780308489529592, 0.03788165405111493, 0.03821779389707547, 0.03766267575183005, 0.03766535413715075, 0.03801720050989457, 0.037709976929538654, 0.037608612623979465, 0.03778790430921428, 0.03793357830002623, 0.037694542517639554, 0.037810372434697065, 0.03782893382715729, 0.037873346948961044]}