{"final_performance": 0.0963668075091434, "rumtime": 55.91164994239807, "config": {"drop_rate": 0.2, "learning_rate": 0.005, "num_epochs": 40, "first N epochs": 10}, "config_id": 6, "learning_curve": [0.190649288330438, 0.17913924174488716, 0.14548704011260338, 0.12533959307760562, 0.11230403010575277, 0.10544100409408785, 0.1003363533964697, 0.09852524450365104, 0.09749475869367707, 0.09725132905087382, 0.09638217282745075, 0.09674321688571066, 0.0961634319908214, 0.09669681135213601, 0.09672841632141257, 0.0968330035232148, 0.09667023341610746, 0.09667014153498522, 0.09605658242724976, 0.09612592990106006, 0.09695654365251649, 0.09649747126507309, 0.09633576839037661, 0.09667389488445138, 0.09662999291464969, 0.0967363324930083, 0.09687010567143278, 0.09654223109191319, 0.09691955458443119, 0.0965345656815565, 0.09676059085243154, 0.09637682766846892, 0.09606602560236768, 0.09713663402593362, 0.09662335256360612, 0.09627148455606316, 0.09696953347269095, 0.09643058495701484, 0.09646764973986824, 0.0963668075091434]}