{"final_performance": 0.04628991771419093, "rumtime": 59.035144090652466, "config": {"drop_rate": 0.2, "learning_rate": 0.01, "num_epochs": 40, "first N epochs": 8}, "config_id": 4, "learning_curve": [0.1666251211796167, 0.05658761798492018, 0.14369735948319706, 0.06335550855915502, 0.05010385073299678, 0.04839759038866691, 0.04727594531931967, 0.047254239036789485, 0.04662564987281583, 0.046661453145854875, 0.04656161862724232, 0.046454623074464074, 0.04640132831233852, 0.046210009492230864, 0.046564319757920386, 0.04682779521593508, 0.046332296223010654, 0.04649049580659507, 0.04654917213714348, 0.04605341413111057, 0.046835106695598025, 0.046629317132931836, 0.046406965013944874, 0.04626451758843548, 0.046187462123497475, 0.04655326530337334, 0.04699040562757906, 0.04657549205816017, 0.0468037374879954, 0.046298109247999375, 0.04666210951389007, 0.04643955854874737, 0.04664671229866316, 0.04624214587065409, 0.04642118122780098, 0.04662255047346061, 0.04630257883724177, 0.046232531936663504, 0.046682068227597004, 0.04628991771419093]}