{"final_performance": 0.06238695837135585, "rumtime": 55.47319293022156, "config": {"drop_rate": 0.2, "learning_rate": 0.001, "num_epochs": 40, "first N epochs": 10}, "config_id": 7, "learning_curve": [0.14604256445506833, 0.0968961221148383, 0.0752425307232254, 0.06905727245897617, 0.06543814641124797, 0.0644782692475139, 0.06220431977285529, 0.0637064110417411, 0.06287358217644243, 0.06231932936693138, 0.06257984607287173, 0.06118095583229695, 0.06254994540282016, 0.06416337762801153, 0.06315272647254871, 0.0630212664041879, 0.062413622649773105, 0.06403066066076171, 0.06306944347496303, 0.062128868150823524, 0.062134916630556, 0.06373997001715426, 0.06215958480002745, 0.06355324611067772, 0.06287755332184287, 0.06288464668224442, 0.06462893442444081, 0.06345634123064436, 0.06324833312405731, 0.06272495993465747, 0.06211392719228313, 0.06284707666568037, 0.06235635259522582, 0.06333800332163864, 0.06312725726725921, 0.06228006700018667, 0.06070647073804208, 0.06340279005608469, 0.06386766870910267, 0.06238695837135585]}