{"final_performance": 0.05723822890025265, "rumtime": 59.43647480010986, "config": {"drop_rate": 0.2, "learning_rate": 0.01, "num_epochs": 40, "first N epochs": 10}, "config_id": 12, "learning_curve": [0.18150162803676892, 0.14830000352747036, 0.08882857164684331, 0.07738876266861862, 0.06763497143983842, 0.062147763990006356, 0.05892633905388275, 0.058255275549753655, 0.05760636948189646, 0.05733149470585697, 0.05711938629172883, 0.05686541514576607, 0.057255398074411, 0.05651482349296785, 0.057234039509071494, 0.05754750050463766, 0.0565016229197664, 0.05699229279779038, 0.057022501078416714, 0.05693526633505551, 0.0570463018034989, 0.05719066695222315, 0.056781309252639994, 0.05752559248006568, 0.05684564740590329, 0.05744263563516005, 0.05698852401297047, 0.057033171321985855, 0.05644656279177036, 0.05748591082838347, 0.057191582895674796, 0.0571862760017503, 0.05703889564523157, 0.05684677505830549, 0.056950983714382605, 0.05646916543537715, 0.056952850717418596, 0.05725460789113675, 0.05654192499394687, 0.05723822890025265]}