{"final_performance": 0.07666369935251631, "rumtime": 58.881497859954834, "config": {"drop_rate": 0.2, "learning_rate": 0.01, "num_epochs": 40, "first N epochs": 20}, "config_id": 3, "learning_curve": [0.14321554387515445, 0.163754558956848, 0.1052812323536513, 0.09236471605188441, 0.08536204257101382, 0.08134546979980649, 0.07944496515786872, 0.07794571454232593, 0.07728174559350283, 0.07715545746515381, 0.07717981664639599, 0.07682841560750636, 0.07684108707702385, 0.07682867941429031, 0.07669053465690252, 0.0767767938521673, 0.07677904668281663, 0.07643724924550865, 0.07655337925227183, 0.07646344309707857, 0.07645863213066785, 0.07683919187424318, 0.07669847908447373, 0.07665023893680212, 0.07658356582781053, 0.07660461124384178, 0.07686904272380865, 0.07651309593106216, 0.07662563557332416, 0.07678692472993204, 0.07644506647901715, 0.07671421791584987, 0.07665137131259127, 0.07674937270722298, 0.07679880267044284, 0.07699056827234772, 0.07647376870209316, 0.07657776781410541, 0.07633931617129523, 0.07666369935251631]}