{"final_performance": 0.08203064023323779, "rumtime": 58.90395212173462, "config": {"drop_rate": 0.3, "learning_rate": 0.01, "num_epochs": 40, "first N epochs": 10}, "config_id": 10, "learning_curve": [0.1345987949168907, 0.1725067248884237, 0.09948890495975063, 0.09375373867322814, 0.0895503690220275, 0.08653684978215201, 0.08446374181306587, 0.08343144919512406, 0.08291986983902049, 0.08264453754110157, 0.08237183571986433, 0.08172072830065241, 0.08197925366320699, 0.08179180892008656, 0.08181018542568638, 0.08257974583022999, 0.08184105883229453, 0.0819209893357079, 0.0820258193983222, 0.08211491867056434, 0.08165321220766823, 0.08187335476560413, 0.08180625753582649, 0.08197930382107789, 0.08200496755680949, 0.08193884379458878, 0.08223196324312462, 0.08243846404102614, 0.08209998950643359, 0.08216409880035327, 0.08177325455647595, 0.08229150569663858, 0.08227146633391111, 0.0823496365884565, 0.08232636350505756, 0.08163275639965849, 0.08184390664100648, 0.08255346378065506, 0.08190525803925856, 0.08203064023323779]}